epoch_id,reagent_lot,control_lot,calibration_id,program_version,run_id,sequence,timestamp,control_level_id,value
lot-a,R-2409-A,CTRL-LOT-7,CAL-A,assay-v1,qc-001,1,2026-09-28T08:00:00Z,L1,100
lot-a,R-2409-A,CTRL-LOT-7,CAL-A,assay-v1,qc-001,1,2026-09-28T08:00:00Z,L2,200
lot-a,R-2409-A,CTRL-LOT-7,CAL-A,assay-v1,qc-002,2,2026-09-28T08:05:00Z,L1,99
lot-a,R-2409-A,CTRL-LOT-7,CAL-A,assay-v1,qc-002,2,2026-09-28T08:05:00Z,L2,198
lot-a,R-2409-A,CTRL-LOT-7,CAL-A,assay-v1,qc-003,3,2026-09-28T08:10:00Z,L1,101
lot-a,R-2409-A,CTRL-LOT-7,CAL-A,assay-v1,qc-003,3,2026-09-28T08:10:00Z,L2,202
lot-a,R-2409-A,CTRL-LOT-7,CAL-A,assay-v1,qc-004,4,2026-09-28T08:15:00Z,L1,98
lot-a,R-2409-A,CTRL-LOT-7,CAL-A,assay-v1,qc-004,4,2026-09-28T08:15:00Z,L2,199
lot-a,R-2409-A,CTRL-LOT-7,CAL-A,assay-v1,qc-005,5,2026-09-28T08:20:00Z,L1,102
lot-a,R-2409-A,CTRL-LOT-7,CAL-A,assay-v1,qc-005,5,2026-09-28T08:20:00Z,L2,201
lot-a,R-2409-A,CTRL-LOT-7,CAL-A,assay-v1,qc-006,6,2026-09-28T08:25:00Z,L1,97
lot-a,R-2409-A,CTRL-LOT-7,CAL-A,assay-v1,qc-006,6,2026-09-28T08:25:00Z,L2,197
lot-a,R-2409-A,CTRL-LOT-7,CAL-A,assay-v1,qc-007,7,2026-09-28T08:30:00Z,L1,103
lot-a,R-2409-A,CTRL-LOT-7,CAL-A,assay-v1,qc-007,7,2026-09-28T08:30:00Z,L2,203
lot-a,R-2409-A,CTRL-LOT-7,CAL-A,assay-v1,qc-008,8,2026-09-28T08:35:00Z,L1,98
lot-a,R-2409-A,CTRL-LOT-7,CAL-A,assay-v1,qc-008,8,2026-09-28T08:35:00Z,L2,198
lot-a,R-2409-A,CTRL-LOT-7,CAL-A,assay-v1,qc-009,9,2026-09-28T08:40:00Z,L1,102
lot-a,R-2409-A,CTRL-LOT-7,CAL-A,assay-v1,qc-009,9,2026-09-28T08:40:00Z,L2,202
lot-a,R-2409-A,CTRL-LOT-7,CAL-A,assay-v1,qc-010,10,2026-09-28T08:45:00Z,L1,104
lot-a,R-2409-A,CTRL-LOT-7,CAL-A,assay-v1,qc-010,10,2026-09-28T08:45:00Z,L2,201
